,Adjusted Rand Score,Normalized Mutual Info Score,Homogeneity Score,Completeness Score,V Measure Score,BER
KMeans,0.009221394199303514,0.26677982889368984,0.35373154175587906,0.21414119823028413,0.2667798288936899,0.14257079632808703
DBSCAN,-0.0033557302184165022,0.43599501915189964,0.8199298334690553,0.2969481030146828,0.43599501915189953,0.027777777777777776
MeanShift,0.0040096013212902815,0.1727125578702884,0.12149488386610549,0.2985845938092378,0.1727125578702884,0.17438805282698544
GMM,-0.0037153845837245856,0.022163116282884147,0.01618216950751053,0.03515728593734665,0.02216311628288415,0.453185840812466
Hier,0.010693805505451104,0.28070348960654884,0.3832505241092496,0.22144977389015377,0.28070348960654884,0.16617071070109715
OPTICS,0.036416741714655,0.053809194079704255,0.03621040128929198,0.10469017284544581,0.05380919407970426,0.5192996910554888
