,Adjusted Rand Score,Normalized Mutual Info Score,Homogeneity Score,Completeness Score,V Measure Score,BER
Greedy,0.2849053321577425,0.4305391595142747,0.3693218512994899,0.5160830082438072,0.4305391595142747,0.6828213012300428
Newman,0.2631527828988192,0.5481996827529624,0.7787747881023553,0.4229693732009352,0.5481996827529624,0.10967058056099152
Partition,0.2588696168903722,0.47520309833734153,0.48934681806481206,0.4618540104558097,0.47520309833734165,0.6973468574197473
Label Propogation,0.25507842104777567,0.4987648724484826,0.36739867907770624,0.7763573508074658,0.4987648724484825,0.7025975621529672
LPA,0.24983988568934426,0.5096264457369273,0.37149448154790193,0.8112845815379544,0.5096264457369273,0.7296422340953684
