,Adjusted Rand Score,Normalized Mutual Info Score,Homogeneity Score,Completeness Score,V Measure Score,BER
KMeans,0.02559895081117843,0.2817651263489969,0.3710336726410507,0.2271211072884952,0.2817651263489969,0.15826926472751449
DBSCAN,-0.0033557302184165022,0.43599501915189964,0.8199298334690553,0.2969481030146828,0.43599501915189953,0.027777777777777776
MeanShift,0.0040096013212902815,0.1727125578702884,0.12149488386610549,0.2985845938092378,0.1727125578702884,0.17438805282698544
GMM,-0.0064990201179335955,0.014875816688596426,0.010846445638935198,0.023668471708010192,0.014875816688596428,0.4585230324901907
Hier,0.010693805505451104,0.28070348960654884,0.3832505241092496,0.22144977389015377,0.28070348960654884,0.16617071070109715
OPTICS,0.036416741714655,0.053809194079704255,0.03621040128929198,0.10469017284544581,0.05380919407970426,0.5192996910554888
