,Adjusted Rand Score,Normalized Mutual Info Score,Homogeneity Score,Completeness Score,V Measure Score,BER
KMeans,0.005035681265477742,0.3958777728071265,0.6659558738719766,0.281653374979316,0.39587777280712644,0.10747041420118343
DBSCAN,0.0035525072718268613,0.4626584444097433,0.8615534890226862,0.3162405971922466,0.4626584444097433,0.08148148148148149
MeanShift,-0.0075802334088179634,0.17084909382611588,0.12335521023454966,0.2778111960325454,0.17084909382611588,0.42424398445994826
GMM,0.037016836322366,0.046747707713614674,0.03604797734551255,0.06648034911908453,0.046747707713614674,0.4888163156491603
Hier,0.019379056436118026,0.3376015263885693,0.5262723897891903,0.24850974017349142,0.3376015263885692,0.16011847271408536
OPTICS,-0.01703540893790461,0.041136462599933754,0.027036024527304473,0.08597727020071766,0.041136462599933754,0.5169829518803125
