,Adjusted Rand Score,Normalized Mutual Info Score,Homogeneity Score,Completeness Score,V Measure Score,BER
KMeans,0.006753580882171041,0.36458119082645746,0.5908749559485164,0.2636198492607693,0.3645811908264575,0.1024061739116714
DBSCAN,0.0009302915043600443,0.4835996080971856,0.971319944542594,0.3219444662622314,0.4835996080971856,0.052884615384615384
MeanShift,-0.010458581819599407,0.10258338666615943,0.06478161060426846,0.24631422401927877,0.10258338666615942,0.4993177260510753
GMM,-0.00480314923386824,0.02072372155549295,0.016688937569762127,0.027331491826462717,0.020723721555492947,0.4936670107421741
Hier,0.02562225848083115,0.35764757127214164,0.5624781748113499,0.26217470566061857,0.35764757127214164,0.16453496654970198
OPTICS,-0.0020459089994802277,0.015696088489489644,0.009112469176759128,0.056559357117508896,0.015696088489489644,0.452026283709452
