,Adjusted Rand Score,Normalized Mutual Info Score,Homogeneity Score,Completeness Score,V Measure Score,BER
KMeans,0.0065148342238999036,0.361590315784858,0.4860792783384276,0.2878655455352422,0.361590315784858,0.17858578556247087
DBSCAN,0.0025035808634036134,0.5264699855575267,0.9187869787883094,0.36893623829711114,0.5264699855575266,0.08235294117647059
MeanShift,-0.06190486207145775,0.19668744810254174,0.15779236134840727,0.26103017911553833,0.19668744810254174,0.2627845590453098
GMM,0.021500526083216058,0.07001788087046935,0.052373369092355175,0.10559150520595789,0.07001788087046935,0.4810539381501746
Hier,0.0037908485741490823,0.32196632043554324,0.41191353409220616,0.2642611232381785,0.32196632043554324,0.2905651718044135
OPTICS,-0.007207951984470991,0.040432825691164395,0.02405248733503066,0.12675849107352163,0.040432825691164395,0.4859326545544931
