,Adjusted Rand Score,Normalized Mutual Info Score,Homogeneity Score,Completeness Score,V Measure Score,BER
KMeans,0.01490885283754721,0.3651133332434527,0.7854008308335668,0.23783950505080495,0.36511333324345263,0.04892139183864289
DBSCAN,0.0003763706675348398,0.39869456774920303,0.9443368244398137,0.2526894281925356,0.398694567749203,0.03875968992248062
MeanShift,0.0009911381504879389,0.1136514540072658,0.0751211137725746,0.23332722928251606,0.11365145400726581,0.4496376811594203
GMM,0.01649249489756375,0.028458127507748964,0.02509448136779654,0.03286306959755239,0.028458127507748964,0.5077140148579028
Hier,0.02782648487481657,0.35595127452593756,0.7217193942232034,0.23622978189212052,0.35595127452593756,0.06999522216913522
OPTICS,-0.0014231253606748321,0.10767516783867286,0.07749558931112828,0.1763536369115816,0.10767516783867286,0.6582274537774052
