,Adjusted Rand Score,Normalized Mutual Info Score,Homogeneity Score,Completeness Score,V Measure Score,BER
Greedy,0.13614899383157014,0.2968400678788203,0.26874867562866456,0.33148955226293353,0.2968400678788202,0.6988411443902004
Newman,0.01818526485721674,0.06933005712159954,0.03791494708291215,0.4044171306350413,0.06933005712159954,0.7627659434061873
Partition,0.1546398775905992,0.28146796772047417,0.270005510651552,0.2939467964941182,0.28146796772047417,0.7139912668326103
Label Propogation,-0.0003175986359771398,0.2058832878792825,0.15801530899899674,0.2953563315326134,0.20588328787928248,0.7136059585282943
LPA,0.034545180493924965,0.16541258722976765,0.11122079280455466,0.3225958655134228,0.16541258722976765,0.7170419386055227
